codigo,comentario,impressao_diagnostica,status,estrutura
ADDANDN,"aumentada de tamanho, medindo <var1> cm x <var2> cm x <var3> cm (polo caudal x polo cranial x comprimento).","Adrenomegalia direita, não podendo descartar por completo processo neoplásico.",ANORMAL,ADRENAL DIREITA
ADDAPCA,"aumentada de tamanho em polo caudal, medindo <var1> cm x <var2> cm x <var3> cm (polo caudal x polo cranial x comprimento)",Adrenomegalia direita.,ANORMAL,ADRENAL DIREITA
ADDAF,"formato mantido, bordas regulares, distinção corticomedular e ecogenicidade preservadas. Medindo <var1> cm x <var2> cm x <var3> cm (polo caudal x polo cranial x comprimento).","Adrenomegalia direita/bilateral podendo estar associada a nefropatia, estresse ou endocrinopatia.",ANORMAL,ADRENAL DIREITA
ADDAPF,"aumentada de tamanho, medindo <var1> cm x <var2> cm x <var3> cm (polo caudal x polo cranial x comprimento), com perda de seu formato habitual, estando discretamente irregular, com perda da relação corticomedular.",Adrenomegalia direita.,ANORMAL,ADRENAL DIREITA
ADDDIM,"diminuída de tamanho, medindo <var1> cm x <var2> cm x <var3> cm (polo caudal x polo cranial x comprimento).",Adrenal direita diminuída de tamanho.,ANORMAL,ADRENAL DIREITA
ADDA,"aumentada de tamanho, medindo <var1> cm x <var2> cm x <var3> cm (polo caudal x polo cranial x comprimento)",Adrenomegalia direita.,ANORMAL,ADRENAL DIREITA
ADD+,"aumentada de tamanho, medindo <var1> cm x <var2> cm x <var3> cm (polo caudal x polo cranial x comprimento)",Adrenomegalia direita,ANORMAL,ADRENAL DIREITA
ADD,<var1> cm x <var2> cm x <var3> cm (polo caudal x polo cranial x comprimento),,NORMAL,ADRENAL DIREITA
ADEANDN,"aumentada de tamanho, medindo <var1> cm x <var2> cm x <var3> cm (polo caudal x polo cranial x comprimento).","Adrenomegalia esquerda, não podendo descartar por completo processo neoplásico.",ANORMAL,ADRENAL ESQUERDA
ADEAPCA,"aumentada de tamanho em polo caudal, medindo <var1> cm x <var2> cm x <var3> cm (polo caudal x polo cranial x comprimento)",Adrenomegalia esquerda.,ANORMAL,ADRENAL ESQUERDA
ADEAF,"formato mantido, bordas regulares, distinção corticomedular e ecogenicidade preservadas. Medindo <var1> cm x <var2> cm x <var3> cm (polo caudal x polo cranial x comprimento).","Adrenomegalia esquerda/bilateral podendo estar associada a nefropatia, estresse ou endocrinopatia.",ANORMAL,ADRENAL ESQUERDA
ADEAPF,"aumentada de tamanho, medindo <var1> cm x <var2> cm x <var3> cm (polo caudal x polo cranial x comprimento), com perda de seu formato habitual, estando discretamente irregular, com perda da relação corticomedular.",Adrenomegalia esquerda.,ANORMAL,ADRENAL ESQUERDA
ADEAPCRA,"aumentada de tamanho em polo cranial, medindo <var1> cm x <var2> cm x <var3> cm (polo caudal x polo cranial x comprimento)",Adrenomegalia esquerda.,ANORMAL,ADRENAL ESQUERDA
ADEA,"aumentada de tamanho, medindo <var1> cm x <var2> cm x <var3> cm (polo caudal x polo cranial x comprimento)",Adrenomegalia esquerda.,ANORMAL,ADRENAL ESQUERDA
ADE+,"aumentada de tamanho, medindo <var1> cm x <var2> cm x <var3> cm (polo caudal x polo cranial x comprimento)",Adrenomegalia esquerda,ANORMAL,ADRENAL ESQUERDA
ADE,<var1> cm x <var2> cm x <var3> cm (polo caudal x polo cranial x comprimento),,NORMAL,ADRENAL ESQUERDA
BAMA,"Em baço nota-se estrutura de aspecto massa, medindo pelo menos <var1> cm x <var2> cm, de margens irregulares e limites mal definidos. Vascularização presente ao modo Power Doppler.","Massa esplênica. Dentre os principais diagnósticos diferencias  incluem-se o de processo neoplásico. Caso clinicamente indicado, sugerem-se exames complementates.",ANORMAL,BAÇO
BCND,FALTA CADASTRAR,FALTA CADASTRAR,ANORMAL,BAÇO
NODBACHIPO,"em cabeça esplênica nota-se nódulo hipoecóico, margens regulares e limites bem definidos, medindo <var1> cm X <var2> cm","O nódulo em baço possui como principais diagnósticos diferenciais: hiperplasia nodular (comum em pacientes de meia idade e idosos), hematopoiese extramedular. Caso suspeita de metástase sugere-se exames complementares.",ANORMAL,BAÇO
BREA,"tamanho, forma, contorno e ecotextura preservadas. Parênquima com ecogenicidade diminuída.",Baço: reativo a processo inflamatório/infeccioso/toxêmico.,ANORMAL,BAÇO
BNHIPOC,"em cabeça esplênica nota-se nódulo hipoecóico, moderadamente heterogêneo, margens irregulares, porém, limites bem definidos, medindo <var1>",Nódulo em baço.,ANORMAL,BAÇO
BNHIPO,"Em corpo esplênico nota-se nódulo hipoecóico, medindo <var1> cm, de margens regulares e limites bem definidos.",Nódulo em baço. Sugere-se acompanhamento ultrassonográfico.,ANORMAL,BAÇO
BCONHI,"tamanho, forma, contorno, ecogenicidade e ecotextura preservadas. Em corpo esplênico nota-se nódulo hipoecóico, medindo <var1> cm x <var2> cm, de limites bem definidos e margens irregulares.","O nódulo em baço possui como principais diagnósticos diferenciais: hiperplasia nodular (comum em pacientes de meia idade e idosos), hematopoiese extramedular. Caso suspeita de metástase sugere-se exames complementares.",ANORMAL,BAÇO
HMT,"aumentado de tamanho, porém com forma, contorno e ecogenicidade preservadas. Parênquima heterogêneo apresentando pequenos pontos hipoecóicos multifocais de margens bem definidas e regulares.","Esplenomegalia.
Imagens ultrassonográficas esplênicas são sugestivas de hematopoiese extramedular, reatividade a processo inflamatório/infeccioso, não podendo descartar por completo processo neoplásico.",ANORMAL,BAÇO
BARNDN,"Baço aumentado de tamanho, apresentando ecotextura heterogênea e ecogenicidade mista, com margens de discreta a moderadamente irregulares.",Baço: esplenomegalia. Reativo a processo inflamatório / infeccioso não podendo descartar por completo processo neoplásico.,ANORMAL,BAÇO
HEMATO,"aumentado de tamanho, porém com forma, contorno e ecogenicidade preservadas. Parênquima heterogêneo apresentando pequenos pontos hipoecóicos multifocais de margens bem definidas e regulares.","Esplenomegalia.
Imagens ultrassonográficas esplênicas são sugestivas de hematopoiese extramedular, reatividade a processo inflamatório/infeccioso, não podendo descartar por completo processo neoplásico.",ANORMAL,BAÇO
HEMATOPOIESE,"aumentado de tamanho, porém com forma, contorno e ecogenicidade preservadas. Parênquima heterogêneo apresentando pequenos pontos hipoecóicos multifocais de margens bem definidas e regulares.","Esplenomegalia.
Imagens ultrassonográficas esplênicas são sugestivas de hematopoiese extramedular, reatividade a processo inflamatório/infeccioso, não podendo descartar por completo processo neoplásico.",ANORMAL,BAÇO
B+,"aumentado de tamanho, margens discretamente arredondadas, porém, contorno, ecogenicidade e ecotextura preservadas.",Esplenomegalia,ANORMAL,BAÇO
BA,"aumentado de tamanho, margens discretamente arredondadas, porém, contorno, ecogenicidade e ecotextura preservadas.",Esplenomegalia,ANORMAL,BAÇO
BAR,"aumentado de tamanho, forma, contorno e ecotextura preservadas. Parênquima com ecogenicidade diminuída.","Esplenomegalia.aumentado de tamanho, forma, contorno e ecotextura preservadas. Parênquima com ecogenicidade diminuída.",ANORMAL,BAÇO
BXCIA,FALTA CADASTRAR BXCIA!!!!,FALTA CADASTRAR BXCIA!!!!,ANORMAL,BEXIGA
CALCULOBX,em parede dorsal nota-se estrutura hiperecogênica.,Cálculo em bexiga.,ANORMAL,BEXIGA
BXDIL,Dilatada por conteúdo anecogênico.,,ANORMAL,BEXIGA
BXCMA,"repleta por conteúdo anecogênico, com parede cranioventral espessadas e irregulares, medindo <var1> cm. Em parede dorsal nota-se múltiplas estrutura hiperecogênicas, formadoras de sombreamento acústico posterior, medindo <var2> cm a maior e <var3> cm a menor.",Bexiga: processo inflamatório/infeccioso (cistite). Múltiplos cálculos em bexiga.,ANORMAL,BEXIGA
MESADJHIPERBX,Mesentério adjacente à bexiga com aumento da ecogenicidade.,O aumento da ecogenicidade de mesentério adjacente à bexiga é indicativo de reatividade a processo inflamatório / infeccioso.,ANORMAL,BEXIGA
MESADJBXREA,Mesentério adjacente à bexiga com aumento da ecogenicidade.,O aumento da ecogenicidade de mesentério adjacente à bexiga é indicativo de reatividade a processo inflamatório / infeccioso.,ANORMAL,BEXIGA
BXISU,"repleta por conteúdo anecogênico, paredes finas e regulares. Importante quantidade de pontos ecogênicos em suspensão e depositados em parede dorsal, não formadores de pouco sombreamento acústico posterior.",Bexiga: importante quantidade de sedimento urinário/debril celular.,ANORMAL,BEXIGA
BXMDB,"repleta por conteúdo anecogênico, paredes finas e regulares. Moderada quantidade de pontos ecogênicos em suspensão e depositados em parede dorsal, não formadores de pouco sombreamento acústico posterior.",Bexiga: moderada quantidade de sedimento urinário/debril celular.,ANORMAL,BEXIGA
BXCI,"repleção líquida adequada, paredes difusamente espessada e irregulares, medindo <var1> cm. Em parede dorsal nota-se agregados hiperecoicos aderidos à parede.","Bexiga: processo inflamatório/infeccioso, com os demais achados supracitados em comentários, o primeiro diagnóstico diferencial pode estar relacionado a cistite incrustada alcalina.",ANORMAL,BEXIGA
CABX,"em parede dorsal nota-se estrutura de superfície hiperecóica, medindo <var1> cm, formando sombreamento acústico posterior.",Cálculo em bexiga.,ANORMAL,BEXIGA
BXCNDN,"repleta por conteúdo anecogênico, com parede cranioventral espessadas e irregulares, medindo <var1> cm.","Bexiga: processo inflamatório/infeccioso (cistite) crônica, não podendo descartar por completo processo neoplásico.",ANORMAL,BEXIGA
BXCAME,Cálculo menor medindo <var1> cm.,Cálculo menor em bexiga medindo <var1> cm.,ANORMAL,BEXIGA
BXCAMA,Cálculo maior medindo <var1> cm.,Cálculo maior em bexiga medindo <var1> cm.,ANORMAL,BEXIGA
BXDDC,"repleta por conteúdo anecogênico, paredes finas e regulares. Discreta quantidade de pontos ecogênicos em suspensão e depositados em parede dorsal, não formadores de pouco sombreamento acústico posterior.",Bexiga: discreta quantidade de sedimento urinário/debril celular.,ANORMAL,BEXIGA
BXMDC,"repleta por conteúdo anecogênico, paredes finas e regulares. Moderada quantidade de pontos ecogênicos em suspensão e depositados em parede dorsal, não formadores de pouco sombreamento acústico posterior.",Bexiga: moderada quantidade de sedimento urinário/debril celular.,ANORMAL,BEXIGA
BXMSU,"repleta por conteúdo anecogênico, paredes finas e regulares. Moderada quantidade de pontos ecogênicos depositados em parede dorsal, formadores de pouco sombreamento acústico posterior.",Bexiga: moderada quantidade de sedimento urinário.,ANORMAL,BEXIGA
BXPDC,"repleta por conteúdo anecogênico, nota-se pouca quantidade de pontos ecogênicos em suspensão e depositados em parede dorsal.",Bexiga: pouca quantidade de debris celulares / sedimentos urinários em bexiga.,ANORMAL,BEXIGA
BXPSU,"repleta por conteúdo anecogênico, nota-se pouca quantidade de pontos ecogênicos em suspensão e depositados em parede dorsal.",Bexiga: pouca quantidade de debris celulares / sedimentos urinários em bexiga.,ANORMAL,BEXIGA
BXCPR,"pouca repleção por conteúdo anecogênico, com parede cranioventral espessadas e irregulares, medindo <var1> cm.",Bexiga: processo inflamatório/infeccioso (cistite).,ANORMAL,BEXIGA
MABXR,Mesentério adjacente à bexiga com aumento da ecogenicidade.,O aumento da ecogenicidade de mesentério adjacente à bexiga é indicativo de reatividade a processo inflamatório / infeccioso.,ANORMAL,BEXIGA
BXGQDC,Grande quantidade de pontos ecogênicos em suspensão e depositados em parede dorsal.,Bexiga: grande quantidade de sedimentos urinários / debris celulares.,ANORMAL,BEXIGA
BXCAAB,CALCULO EM BEXIGA APÓS BALOTAMENTO - DESC E IMP ATUALIZARÃO DEPOIS,CORRIGIR DESCRIÇÃO E IMPRESSÃO DIAGNÓSTICA DE BXCAAB,ANORMAL,BEXIGA
BXCOAG,"em parede dorsal nota-se estrutura amorfa, ecogênica, de limites mal definidos e irregulares, medindo <var1> cm.",Coágulo em bexiga.,ANORMAL,BEXIGA
BXCA,"em parede dorsal nota-se estrutura de superfície hiperecóica, medindo <var1> cm, formando sombreamento acústico posterior.",Cálculo em bexiga.,ANORMAL,BEXIGA
CISTITE,"repleta por conteúdo anecogênico, com parede cranioventral espessadas e irregulares, medindo <var1> cm.",Bexiga: processo inflamatório/infeccioso (cistite).,ANORMAL,BEXIGA
BXC,"Repleta por conteúdo anecogênico, com parede cranio ventral espessadas e irregulares, medindo <var1> cm.",Bexiga: processo inflamatório/infeccioso (cistite).,ANORMAL,BEXIGA
CECOLON,"nota-se estrutura de superfície hiperecogênica, formadora de sombreamento acústico posterior, medindo <var1> cm, sem perfuração ou obstrução no momento deste exame.","Cólon: corpo estranho em cólon, sem perfuração ou obstrução no momento deste exame.",ANORMAL,CÓLON
CPCM,"Cólon com paredes finas e estratificação parietal preservada, porém preenchido por conteúdo mucoso.",Cólon preenchido por conteúdo mucoso. Caso clinicamente indicado sugere-se exames complementares.,ANORMAL,CÓLON
COL,"Cólon descendente com parede espessada (medindo aproximadamente <var1> cm), porém, com relação parietal preservada.",Cólon: processo inflamatório/infeccioso (colite).,ANORMAL,CÓLON
COLON,"espessura preservada, medindo <var1> cm. Estratificação parietal preservada.",,NORMAL,CÓLON
COLONE,"parede espessada, medindo aproximadamente <var1> cm. Estratificação parietal mantida,",Cólon: processo inflamatório/infeccioso (colite).,ANORMAL,CÓLON
GASTROENTERITE,"Cólon ascendente, transverso e descendente dilatados conteúdo anecogênico, com paredes finas",,ANORMAL,CÓLON
COLITE,"Cólon descendente com parede espessada (medindo aproximadamente <var1> cm), porém, com relação parietal preservada.",Cólon descendente: processo inflamatório / infeccioso (colite).,ANORMAL,CÓLON
SUBMFEL,"Submucosa
espessada, medindo <var1> cm em espessura maior.","Submucosa espessada em felinos pode ser um indicativo de deposição de gordura, porém, não se descarta processo neoplásico. Sugerem-se exames complementares e acompanhamento ultrassonográfico a critério clínico.",ANORMAL,ESTÔMAGO
ESTUL,repleto por conteúdo gasoso e mucoso. Parede espessa em corpo gástrico (medindo aproximadamente <var1> cm) com estratificação parietal mantida. Em corpo de fundo gástrico nota-se discreta descontinuidade de camada mucosa (provável).,Estômago: processo inflamatório/infeccioso (gastrite) associado a prováveis úlceras gástricas. Caso clinicamente indicado sugere-se realização de endoscopia digestiva.,ANORMAL,ESTÔMAGO
GASTROENTERITE,1,1,ANORMAL,ESTÔMAGO
ESTDILCA,Estômago dilatado por conteúdo alimentar.,"Estômago: dilatado por conteúdo alimentar. Caso clinicamente indicado, sugere-se acompanhamento ultrassonográfico com o animal em jejum",ANORMAL,ESTÔMAGO
TRICO,"com conteúdo luminal de padrão misto (gás e alimento), paredes de aspecto sonográfico mantido com padrão em camadas. Em fundo gástrico nota-se estrutura de superfície hiperecogênica formadora de discreto sombreamento acústico posterior medindo <var1> cm.",Estômago: provável tricobezoar (bola de pelo).,ANORMAL,ESTÔMAGO
AEROEST,"repleto por conteúdo gasoso (aerofagia), paredes de aspecto sonográfico mantido com padrão em camadas.",Estômago: dilatado (aerofagia). Caso clinicamente indicado sugere-se exames complementares.,ANORMAL,ESTÔMAGO
ESTLL,Nota-se adjacente ao estômago conteúdo anecogênico livre.,"Líquido livre adjacente ao estômago no momento deste exame, caso clinicamente indicado sugere-se exames complementares.",ANORMAL,ESTÔMAGO
ESTMR,Mesentério adjacente ao estômago com aumento da ecogenicidade.,O aumento da ecogenicidade de mesentério adjacente ao estômago é indicativo de reatividade a processo inflamatório / infeccioso.,ANORMAL,ESTÔMAGO
ESTCAD,"preenchido por conteúdo gasoso, mucoso e alimentar denso, medindo a estrutura densa <var1> cm, formando sombreamento acústico posterior, paredes de aspecto sonográfico mantido com padrão em camadas, não podendo descartar por completo corpo estranho.","A estrutura caracterizada em estômago é compatível com conteúdo alimentar denso, não podendo descartar por completo corpo estranho. Caso clinicamente indicado sugere-se exames complementares.",ANORMAL,ESTÔMAGO
ESTINFNDN,repleto por conteúdo gasoso e mucoso. Parede espessa em corpo gástrico (medindo aproximadamente <var1> cm) com estratificação parietal mantida.,Estômago: processo inflamatório / infeccioso (gastrite) não podendo descartar por completo processo neoplásico,ANORMAL,ESTÔMAGO
ESYINF,repleto por conteúdo gasoso e mucoso. Parede espessa em corpo gástrico (medindo aproximadamente <var1> cm) com estratificação parietal mantida.,Estômago: processo inflamatório / infeccioso (gastrite).,ANORMAL,ESTÔMAGO
ESTDILCA,"preenchido por conteúdo gasoso, mucos e alimentar, paredes de aspecto sonográfico mantido com padrão em camadas.","Estômago: dilatado por conteúdo alimentar no momento deste exame, caso clinicamente indicado sugere-se acompanhamento ultrassonográfico",ANORMAL,ESTÔMAGO
ESTDIL,"dilatado por conteúdo gasoso, mucoso e alimentar denso, medindo a estrutura densa <var1> cm, formando sombreamento acústico posterior, paredes de aspecto sonográfico mantido com padrão em camadas.",A estrutura caracterizada em estômago é compatível com conteúdo alimentar denso.,ANORMAL,ESTÔMAGO
ESTTRICO,"com conteúdo luminal de padrão misto (gás e alimento), paredes de aspecto sonográfico mantido com padrão em camadas. Em fundo gástrico nota-se estrutura de superfície hiperecogênica formadora de discreto sombreamento acústico posterior medindo <var1> cm.",Estômago: provável tricobezoar (bola de pelo).,ANORMAL,ESTÔMAGO
TRICOBEZOAR,"com conteúdo luminal de padrão misto (gás e alimento), paredes de aspecto sonográfico mantido com padrão em camadas. Em fundo gástrico nota-se estrutura de superfície hiperecogênica formadora de discreto sombreamento acústico posterior medindo <var1> cm.",Estômago: provável tricobezoar (bola de pelo).,ANORMAL,ESTÔMAGO
TRICOBEZO,"com conteúdo luminal de padrão misto (gás e alimento), paredes de aspecto sonográfico mantido com padrão em camadas. Em fundo gástrico nota-se estrutura de superfície hiperecogênica formadora de discreto sombreamento acústico posterior medindo <var1> cm.",Estômago: provável tricobezoar (bola de pelo).,ANORMAL,ESTÔMAGO
EDCA,Estômago dilatado por conteúdo alimentar.,"Estômago: dilatado por conteúdo alimentar. Caso clinicamente indicado, sugere-se acompanhamento.",ANORMAL,ESTÔMAGO
ESTINF,repleto por conteúdo gasoso e mucoso. Parede espessa em corpo gástrico (medindo aproximadamente cm) com estratificação parietal mantida.,Estômago: processo inflamatório / infeccioso (gastrite).,ANORMAL,ESTÔMAGO
AEROFAGIA,"repleto por conteúdo gasoso (aerofagia), paredes de aspecto sonográfico mantido com padrão em camadas.",Estômago: dilatado (aerofagia). Caso clinicamente indicado sugere-se exames complementares.,ANORMAL,ESTÔMAGO
AERO,"repleto por conteúdo gasoso (aerofagia), paredes de aspecto sonográfico mantido com padrão em camadas.",Estômago: dilatado (aerofagia). Caso clinicamente indicado sugere-se exames complementares.,ANORMAL,ESTÔMAGO
AEROFAG,"repleto por conteúdo gasoso (aerofagia), paredes de aspecto sonográfico mantido com padrão em camadas.",Estômago: dilatado (aerofagia). Caso clinicamente indicado sugere-se exames complementares.,ANORMAL,ESTÔMAGO
GASTROENTERITE,"dilatado por conteúdo anecogênico e mucoso. Parede espessa, com perda da estratificação parietal. Ausência de movimentos peristálticos.","Imagens ultrassonográficas de estômago, intestino delgado e grosso são compatíveis com importante processo inflamatório / infeccioso.",ANORMAL,ESTÔMAGO
EGAS,repleto por conteúdo gasoso e mucoso. Parede espessa em corpo gástrico (medindo aproximadamente <var1> cm) com estratificação parietal mantida.,Estômago: processo inflamatório/infeccioso (gastrite).,ANORMAL,ESTÔMAGO
EG,repleto por conteúdo gasoso e mucoso. Parede espessa em corpo gástrico (medindo aproximadamente <var1> cm) com estratificação parietal mantida.,Estômago: processo inflamatório/infeccioso (gastrite).,ANORMAL,ESTÔMAGO
CEEST,"Em fundo gástrico nota-se estrutura de superfície hiperecogênica, formadora de sombreamento acústico posterior, medindo <var1> cm, sem perfuração ou obstrução no momento deste exame.","Estômago: corpo estranho em estômago, sem perfuração ou obstrução no momento deste exame.",ANORMAL,ESTÔMAGO
FIGUVA,"de dimensões dentro dos limites do gradil costal, superfície rugosa, margens afiladas e irregulares, ecotextura pouco heterogênea. Ecogenicidade mista. Arquitetura vascular portal e intra-hepática tortuosas.",Fígado: processo inflamatório/infeccioso crônico e/ou processo neoplásico.,ANORMAL,FÍGADO
FAHIFEL,"de dimensões fora dos limites do gradil costal, superfície lisa, margens afiladas, ecotextura preservada, porém, ecogenicidade aumentada. Arquitetura vascular portal e intra-hepática preservadas quanto ao calibre e trajeto dos vasos.","Hepatomegalia. O aumento da ecogenicidade hepática pode estar relacionado a deposição de gordura (comum em gatos idosos e/ou obesos), porém, não se descarta lipidose, colangiohepatite crônica.'",ANORMAL,FÍGADO
FAHIC,"de dimensões fora dos limites do gradil costal, superfície lisa, margens afiladas, ecotextura dentro dos limites da normalidade. Ecogenicidade aumentada. Arquitetura vascular portal e intra-hepática preservadas quanto ao calibre e trajeto dos vasos.","Hepatomegalia. O aumento da ecogenicidade hepática possui como principais diagnósticos diferenciais: esteatose (infiltração gordurosa), hepatopatia esteroidal (diabetes mellitus e/ou hipoadrenocorticismo).",ANORMAL,FÍGADO
FARNDN,"de dimensões fora dos limites do gradil costal, superfície lisa, margens afiladas, ecotextura dentro dos limites da normalidade. Ecogenicidade diminuída. Arquitetura vascular portal e intra-hepática preservadas quanto ao calibre e trajeto dos vasos.","Hepatomegalia. Fígado reativo a processo inflamatório/infeccioso/toxêmico, não podendo descartar o processo neoplásico.",ANORMAL,FÍGADO
COLANGIO,FALTA CADASTRAR,FALTA CADASTRAR,ANORMAL,FÍGADO
FREA,"de dimensões dentro dos limites do gradil costal, superfície lisa, margens afiladas, ecotextura dentro dos limites da normalidade. Ecogenicidade diminuída. Arquitetura vascular portal e intra-hepática preservadas quanto ao calibre e trajeto dos vasos.",Fígado: reativo a processo inflamatório/infeccioso/toxêmico.,ANORMAL,FÍGADO
FAHE,"de dimensões fora dos limites do gradil costal, superfície lisa, margens afiladas, ecotextura preservada, porém, ecogenicidade aumentada. Arquitetura vascular portal e intra-hepática preservadas quanto ao calibre e trajeto dos vasos.","Hepatomegalia.
O aumento da ecogenicidade hepática possui como principais diagnósticos diferenciais: esteatose (infiltração gordurosa), hepatopatia esteroidal (diabetes mellitus e/ou hiperadrenocorticismo).",ANORMAL,FÍGADO
FIGHIF,"tamanho, forma, contorno e ecotextura preservadas. Bordas afiladas, ecogenicidade aumentada. Vasculatura hepática e portal dentro da normalidade.",O aumento da ecogenicidade de fígado em felinos possui como diagnósticos principais lipidose ou deposição de gordura.,ANORMAL,FÍGADO
FIGAHIC,"de dimensões fora dos limites do gradil costal, superfície lisa, margens afiladas, ecotextura dentro dos limites da normalidade. Ecogenicidade aumentada. Arquitetura vascular portal e intra-hepática preservadas quanto ao calibre e trajeto dos vasos.","Hepatomegalia. O aumento da ecogenicidade hepática possui como principais diagnósticos diferenciais: esteatose (infiltração gordurosa), hepatopatia esteroidal (diabetes mellitus e/ou hipoadrenocorticismo).",ANORMAL,FÍGADO
FIGHIC,"de dimensões fora dos limites do gradil costal, superfície lisa, margens afiladas, ecotextura dentro dos limites da normalidade. Ecogenicidade aumentada. Arquitetura vascular portal e intra-hepática preservadas quanto ao calibre e trajeto dos vasos.","Hepatomegalia. O aumento da ecogenicidade hepática possui como principais diagnósticos diferenciais: esteatose, hepatopatia esteroidal.",ANORMAL,FÍGADO
NHIFIGD,"Em lobo hepático direito nota-se nódulo hiperecoico, medindo <var1> cm, de limites bem definidos e margens regulares.",,ANORMAL,FÍGADO
FACO,"de dimensões ultrapassando os limites do gradil costal, superfície lisa, margens arredondadas e ecotextura dentro dos limites da normalidade. Ecogenicidade difusamente diminuída. Veia cava caudal e veias hepáticas dilatadas.","Hepatomegalia.
Congestão venosa hepática. Principais diagnósticos diferenciais: insuficiência cardíaca direita, efusão pericárdica, pericardite restritiva, hipertensão pulmonar, dirofilariose, obstrução da veia cava caudal torácica.",ANORMAL,FÍGADO
FAHIPF,"de dimensões dentro dos limites do gradil costal, superfície lisa, margens afiladas, ecotextura preservada, porém, ecogenicidade aumentada. Arquitetura vascular portal e intra-hepática preservadas quanto ao calibre e trajeto dos vasos.","O aumento da ecogenicidade hepática pode estar relacionado a deposição de gordura (comum em gatos idosos e/ou obesos), porém, não se descarta lipidose, colangiohepatite crônica.'",ANORMAL,FÍGADO
FHIF,"de dimensões dentro dos limites do gradil costal, superfície lisa, margens afiladas, ecotextura preservada, porém, ecogenicidade aumentada. Arquitetura vascular portal e intra-hepática preservadas quanto ao calibre e trajeto dos vasos.","O aumento da ecogenicidade hepática pode estar relacionado a deposição de gordura (comum em gatos idosos e/ou obesos). Caso haja suspeita de hepatopatia, sugerem-se exames complementares.",ANORMAL,FÍGADO
FA,"de dimensões fora dos limites do gradil costal, superfície lisa, margens afiladas, ecotextura dentro dos limites da normalidade. Ecogenicidade mantida. Arquitetura vascular portal e intra-hepática preservadas quanto ao calibre e trajeto dos vasos.",Hepatomegalia.,ANORMAL,FÍGADO
FIGHIFEL,"de dimensões dentro dos limites do gradil costal, superfície lisa, margens afiladas, ecotextura preservada, porém, ecogenicidade aumentada. Arquitetura vascular portal e intra-hepática preservadas quanto ao calibre e trajeto dos vasos.","O aumento da ecogenicidade hepática pode estar relacionado a deposição de gordura (comum em gatos idosos e/ou obesos), porém, não se descarta lipidose, colangiohepatite crônica.",ANORMAL,FÍGADO
LLFIG,Nota-se quantidade de conteúdo anecogênico livre em fígado,Fígado: nota-se quantidade de líquido livre em fígado.,ANORMAL,FÍGADO
MFIG,"Nota-se em fígado estrutura de característica massa, medindo <var1> cm x <var2> cm, bem delimitada, com ecogenicidade mista, porém, predominantemente hiperecóica. Margens irregulares e limites mal definidos.",,ANORMAL,FÍGADO
FIGHIP,"de dimensões fora dos limites do gradil costal, superfície lisa, margens afiladas, ecotextura dentro dos limites da normalidade. Ecogenicidade aumentada. Arquitetura vascular portal e intra-hepática preservadas quanto ao calibre e trajeto dos vasos.","O aumento da ecogenicidade hepática possui como principais diagnósticos diferenciais: esteatose, hepatopatia esteroidal.",ANORMAL,FÍGADO
FAR,"de dimensões fora dos limites do gradil costal, superfície lisa, margens afiladas, ecotextura dentro dos limites da normalidade. Ecogenicidade diminuída. Arquitetura vascular portal e intra-hepática preservadas quanto ao calibre e trajeto dos vasos.",Hepatomegalia. Fígado reativo a processo inflamatório/infeccioso/toxêmico.,ANORMAL,FÍGADO
FIGREA,"de dimensões dentro dos limites do gradil costal, superfície lisa, margens afiladas, ecotextura dentro dos limites da normalidade. Ecogenicidade diminuída. Arquitetura vascular portal e intra-hepática preservadas quanto ao calibre e trajeto dos vasos.",,ANORMAL,FÍGADO
FR,"de dimensões dentro dos limites do gradil costal, superfície lisa, margens afiladas, ecotextura dentro dos limites da normalidade. Ecogenicidade diminuída. Arquitetura vascular portal e intra-hepática preservadas quanto ao calibre e trajeto dos vasos.",Fígado: reativo a processo inflamatório/infeccioso/toxêmico.,ANORMAL,FÍGADO
F+R,"de dimensões fora dos limites do gradil costal, superfície lisa, margens afiladas, ecotextura dentro dos limites da normalidade. Ecogenicidade diminuída. Arquitetura vascular portal e intra-hepática preservadas quanto ao calibre e trajeto dos vasos.","Hepatomegalia.
Fígado: reativo a processo inflamatório/infeccioso/toxêmico.",ANORMAL,FÍGADO
JEJNDN,"jejuno apresentando espessamento focal em camada muscular, medindo aproximadamente <var1> cm, associado a perda de estratificação parietal. Jejuno medindo <var2> cm.","Jejuno: não se descarta processo neoplásico. Caso clinicamente indicado, sugerem-se exames complementares e acompanhamento ultrassonográfico.",ANORMAL,INTESTINO DELGADO
GASTROENTERITE,2,2,ANORMAL,INTESTINO DELGADO
JEJUMUMM,"Multiplas porções de jejuno apresentando camada muscular espessada, medindo <var1> cm, relação de 1:1 com camada mucosa, que mede <var2> cm.","Jejuno: provável processo infiltrativo em camada muscular, podendo estar relacionado à doença inflamatória intestinal e/ou processo neoplásico. Sugere-se exames complementares",ANORMAL,INTESTINO DELGADO
JEJUMUM,"Poucas porções de jejuno apresentando camada muscular espessada, medindo <var1> cm, relação de 1:1 com camada mucosa, que mede <var2> cm.","Jejuno: provável processo infiltrativo em camada muscular, podendo estar relacionado à doença inflamatória intestinal e/ou processo neoplásico. Sugere-se exames complementares",ANORMAL,INTESTINO DELGADO
INTUCE,"jejuno apresentando aspecto em alvo com múltiplas camadas concêntricas associado a moderada perda de vascularização ao modo Doppler colorido.
Mesentério adjacente hiperecoico.",Imagens ultrassonográficas compatíveis com intussuscepção em intestino delgado associado a corpo estranho.,ANORMAL,INTESTINO DELGADO
INTU,"jejuno apresentando aspecto em alvo com múltiplas camadas concêntricas associado a moderada perda de vascularização ao modo Doppler colorido.
Mesentério adjacente hiperecoico.",Imagens ultrassonográficas compatíveis com intussuscepção em intestino delgado.,ANORMAL,INTESTINO DELGADO
UMUM,"Poucas porções de jejuno apresentando camada muscular espessada, medindo <var1> cm, relação de 1:1 com camada mucosa, que mede <var2> cm.","Jejuno: provável processo infiltrativo em camada muscular, podendo estar relacionado à doença inflamatória intestinal e/ou processo neoplásico. Sugere-se exames complementares",ANORMAL,INTESTINO DELGADO
JEJ INF,"Poucas porções de jejuno apresentando camada muscular espessada, medindo <var1> cm, relação de 1:1 com camada mucosa, que mede <var2> cm.",Jejuno: provável processo infiltrativo em camada muscular podendo estar relacionado à doença inflamatória intestinal e/ou processo neoplásico. Sugere-se exames complementares.,ANORMAL,INTESTINO DELGADO
JEJINF,"Poucas porções de jejuno apresentando camada muscular espessada, medindo <var1> cm, relação de 1:1 com camada mucosa, que mede <var2> cm.",Jejuno: provável processo infiltrativo em camada muscular podendo estar relacionado à doença inflamatória intestinal e/ou processo neoplásico. Sugere-se exames complementares.,ANORMAL,INTESTINO DELGADO
JEJESP,"Jejuno espessado, medindo <var1> cm com estratificação parietal preservada.",Jejuno: provável processo inflamatório / infeccioso / infiltrativo. Caso clinicamente indicado sugerem-se exames complementares.,ANORMAL,INTESTINO DELGADO
JEJUU,"jejuno apresentando camada muscular espessada, medindo <var1> cm, relação de 1:1 com camada mucosa, que mede <var2> cm.","Jejuno: provável processo infiltrativo em camada muscular, podendo estar relacionado à doença inflamatória intestinal e/ou processo neoplásico. Sugerem-se exames complementares",ANORMAL,INTESTINO DELGADO
CEJEJ,"Em jejuno nota-se área de aproximadamente <var1> cm de comprimento, intraluminal, formando sombreamento acústico posterior. Alça não dilatada.",Jejuno: provável conteúdo alimentar denso não podendo excluir por completo corpo estranho. Sugere-se acompanhamento ultrassonográfico.,ANORMAL,INTESTINO DELGADO
JEJ,"Jejuno preservado, medindo <var1> cm com estratificação parietal preservada.",,NORMAL,INTESTINO DELGADO
GAENT,"porções de jejuno apresentando dilatação por conteúdo líquido, mesentério adjacente hiperecogênico, motilidade aumentada.",Intestino delgado: processo inflamatório/infeccioso.,ANORMAL,INTESTINO DELGADO
ILA,"íleo com estratificação parietal mantida, porém, espessado, medindo <var1>.","Íleo: possível processo infiltrativo. Tendo como diferenciais processo inflamatório/infeccioso, não podendo descartar por completo processo neopl
asico.",ANORMAL,INTESTINO DELGADO
JEJE,"Jejuno espessado, medindo <var1> cm com estratificação parietal preservada.",Jejuno: provável processo inflamatório / infeccioso / infiltrativo. Caso clinicamente indicado sugere-se exames complementares.,ANORMAL,INTESTINO DELGADO
JIC,"Íleo com espessura e estratificação parietal preservada, medindo <var1> cm, mesentério adjacente dentro da normalidade.",,NORMAL,INTESTINO DELGADO
GENT,"Intestino delgado preenchidas por conteúdo gasoso e mucoso, apresentando perda da estratificação parietal.",,ANORMAL,INTESTINO DELGADO
DUOE,"Duodeno espessado, medindo <var1> cm, estratificação parietal preservada.",Aspectos ultrassonográficos de duodeno indicam processo inflamatório / infeccioso.,ANORMAL,INTESTINO DELGADO
DUOESP,"Duodeno espessado, medindo <var1> cm, estratificação parietal preservada.",Aspectos ultrassonográficos de duodeno indicam processo inflamatório / infeccioso.,ANORMAL,INTESTINO DELGADO
JEJ11PP,"Poucas porções de jejuno apresentando camada muscular espessada, medindo <var1> cm, relação de 1:1 com camada mucosa, que mede <var2> cm.","Jejuno: provável processo infiltrativo em camada muscular, podendo estar relacionado à doença inflamatória intestinal e/ou processo neoplásico. Sugere-se exames complementares",ANORMAL,INTESTINO DELGADO
DUO,"Duodeno medindo <var1> cm, com estratificação parietal preservada.",,NORMAL,INTESTINO DELGADO
JEJ 11 POUCAS PORCOES,"Poucas porções de jejuno apresentando camada muscular espessada, medindo <var1> cm, relação de 1:1 com camada mucosa, que mede <var2> cm.","Jejuno: provável processo infiltrativo em camada muscular, podendo estar relacionado à doença inflamatória intestinal e/ou processo neoplásico. Sugere-se exames complementares",ANORMAL,INTESTINO DELGADO
GASTROENTERITE,"Preenchido por conteúdo gasoso e mucoso, apresentando perda da estratificação parietal.",,ANORMAL,INTESTINO DELGADO
MUCOSA HIPER,Camada mucosa com aumento da ecogenicidade.,"O aumento da ecogenicidade de camada mucosa pode ser um indicativo de processo inflamatório , porém não se descarta por completo linfangiectasia (rara em pacientes felinos).",ANORMAL,INTESTINO DELGADO
JEJ11,"Poucas porções de jejuno apresentando camada muscular espessada, medindo <var1> cm, relação de 1:1 com camada mucosa, que mede <var2> cm.","Jejuno: provável processo infiltrativo em camada muscular, podendo estar relacionado à doença inflamatória intestinal e/ou processo neoplásico. Sugere-se exames complementares",ANORMAL,INTESTINO DELGADO
JEJ 11,"Poucas porções de jejuno apresentando camada muscular espessada, medindo <var1> cm, relação de 1:1 com camada mucosa, que mede <var2> cm.","Jejuno: provável processo infiltrativo em camada muscular, podendo estar relacionado à doença inflamatória intestinal e/ou processo neoplásico. Sugere-se exames complementares",ANORMAL,INTESTINO DELGADO
ILEOESP,"Íleo espessado, medindo <var1> cm, estratificação parietal preservada.",Aspectos ultrassonográficos de íleo indicam processo inflamatório / infeccioso.,ANORMAL,INTESTINO DELGADO
JCMCH,Parede muscular de jejuno com ecogenicidade aumentada.,O aumento da ecogenicidade de parede muscular em jejuno pode estar relacionado a processo infiltrativo/linfangectasia inicial.,ANORMAL,INTESTINO DELGADO
LNPREA,"linfonodo portal medindo <var1> cm x <var2> cm, com margens pouco irregulares, limites bem definidos, ecotextura homogênea e com ecogenicidade diminuída.","Linfonodo portal reativo a processo inflamatório/infeccioso, não podendo descartar por completo processo neoplásico.",ANORMAL,LINFONODOS
LFESPREA,"linfonodo esplênico aumentado de tamanho medindo <var1> cm x <var2> cm, com perda de seu formato, pouco heterogêneos com ecogenicidade diminuída.","Linfonodo esplênico reativo a processo inflamatório/infeccioso, não podendo descartar por completo processo neoplásico.",ANORMAL,LINFONODOS
LFIMNDN,FALTA CADASTRAR,FALTA CADASTRAR,ANORMAL,LINFONODOS
LEPF,"linfonodo esplênico aumentado de tamanho medindo <var1> cm x <var2> cm, com perda de seu formato, pouco heterogêneos com ecogenicidade diminuída.","Linfonodo esplênico reativo a processo inflamatório/infeccioso, não podendo descartar por completo processo neoplásico.",ANORMAL,LINFONODOS
LIMREA,"linfonodos ilíaco medial discretamente aumentados de tamanho, pouco heterogêneos com ecogenicidade mista.",Linfonodos ilíaco medial reativos a processo inflamatório/infeccioso.,ANORMAL,LINFONODOS
TESTE4,ASDASDSDS,ASDFDF,ANORMAL,LINFONODOS
LFABDR,"linfonodos abdominais discretamente aumentados de tamanho, pouco heterogêneos com ecogenicidade mista.",Linfonodos abdominais reativos a processo inflamatório/infeccioso.,ANORMAL,LINFONODOS
ASD,TESTE,ASDDASDS,ANORMAL,LINFONODOS
AEN,ASTOR EM NORONHA,DE BOAZINHA,ANORMAL,LINFONODOS
LFAR,"linfonodos abdominais discretamente aumentados de tamanho, pouco heterogêneos com ecogenicidade mista.",Linfonodos abdominais reativos a processo inflamatório/infeccioso.,ANORMAL,LINFONODOS
LAR,"linfonodos abdominais discretamente aumentados de tamanho, pouco heterogêneos com ecogenicidade mista.",Linfonodos abdominais reativos a processo inflamatório/infeccioso.,ANORMAL,LINFONODOS
LLRHR,pouca quantidade de conteúdo anecogênico livre em recesso hepatorrenal.,Pouca quantidade de líquido livre em recesso hepatorrenal.,ANORMAL,OUTROS
HERNIAABD,"Descontinuidade de musculatura em região abdominal, medindo <var1> cm. Conteúdo herniado: gordura abdominal.","Hérnia abdominal. Conteúdo herniado no momento deste exame: gordura abdominal, sem sinal ultrassonográfico de encarceramento.",ANORMAL,OUTROS
MESADJRINSHIPER,Mesentério adjacente aos rins com aumento da ecogenicidade.,O aumento da ecogenicidade de mesentério adjacente aos rins é indicativo de reatividade a processo inflamatório / infeccioso.,ANORMAL,OUTROS
UB,"em região umbilical nota-se descontinuidade de parede muscular, medindo <var1> cm aproximadamente, com conteúdo herniado no momento deste exame: gordura abdominal.",Presença de hérnia umbilical com gordura abdominal herniada no momento deste exame.,ANORMAL,OUTROS
LLRER,pouca quantidade de conteúdo anecogênico livre em recesso esplenorrenal.,Pouca quantidade de conteúdo líquido livre abdominal em recesso esplenorrenal.,ANORMAL,OUTROS
LLRHD,pouca quantidade de conteúdo anecogênico livre em recesso hepato diafragmático,Pouca quantidade de líquido livre em recesso hepato diafragmático.,ANORMAL,OUTROS
HUB,"Descontinuidade de musculatura abdominal em região umbilical, medindo <var1> cm. Conteúdo herniado: gordura abdominal.","Hérnia umbilical. Conteúdo herniado no momento deste exame: gordura abdominal, sem sinal ultrassonográfico de encarceramento.",ANORMAL,OUTROS
LLRHR,pouca quantidade de conteúdo anecogênico livre em recesso hepatorrenal.,Pouca quantidade de líquido livre abdominal no momento deste exame.,ANORMAL,OUTROS
HUMB,"em região umbilical nota-se descontinuidade de parede muscular, medindo <var1> cm aproximadamente, com conteúdo herniado no momento deste exame: gordura abdominal.",Presença de hérnia umbilical com gordura abdominal herniada no momento deste exame.,ANORMAL,OUTROS
LLRCC,Nota-se em recesso cistocólico pouca quantidade de conteúdo anecogênico livre.,"Pouca quantidade de líquido livre abdominal, podendo estar relacionada a reatividade processo inflamatório/infeccioso.",ANORMAL,OUTROS
GASTROENTERITE,Mesentério adjacente a intestino grosso hiperecoico.,,ANORMAL,OUTROS
HID,"Em região inguinal direita nota-se descontinuidade de parede muscular, medindo <var1> cm aproximadamente, com conteúdo herniado no momento deste exame: gordura abdominal.",Presença de hérnia inguinal com gordura abdominal herniada no momento do exame.,ANORMAL,OUTROS
HIE,"Em região inguinal esquerda nota-se descontinuidade de parede muscular, medindo <var1> cm aproximadamente, com conteúdo herniado no momento deste exame: gordura abdominal.",Presença de hérnia inguinal com gordura abdominal herniada no momento do exame.,ANORMAL,OUTROS
OVDMC,FALTA CADASTRAR OVDMC,FALTA CADASTRAR OVDMC,ANORMAL,OVÁRIOS
OVEMC,FALTA CADASTRAR OVEMC,FALTA CADASTRAR OVEMC,ANORMAL,OVÁRIOS
OVER,"em topografia habitual, apresentando múltiplas estruturas císticas, medindo <var3> cm x <var4> cm. Mesentério adjacente hiperecoico.",Ovário esquerdo remanescente policístico(provável).,ANORMAL,OVÁRIOS
OVD,"tamanho, forma, contorno, ecogenicidade e ecotextura preservadas, medindo <var1> cm x <var2> cm",,NORMAL,OVÁRIOS
OVE,"tamanho, forma, contorno, ecogenicidade e ecotextura preservadas, medindo <var1> cm x <var2> cm",,NORMAL,OVÁRIOS
OVDC,"Em ovário direito nota-se estrutura circular anecogênica com paredes finas e contornos regulares, com limites bem definidos, medindo <var1> cm x <var2> cm.",Cisto em ovário direito.,ANORMAL,OVÁRIOS
OVEC,"Em ovário esquerdo nota-se estrutura circular anecogênica com paredes finas e contornos regulares, com limites bem definidos, medindo <var1> cm x <var2> cm.",Cisto em ovário esquerdo.,ANORMAL,OVÁRIOS
PTTNDN,"aumentada de tamanho, medindo <var1> cm x <var2> cm. Parênquima heterogêneo com ecogenicidade mista e margens irregulares.",Próstata: não se descarta processo neoplásico.,ANORMAL,PRÓSTATA
HPBCPNDN,"aumentada de tamanho, medindo <var1> cm x <var2> cm, ecogenicidade mista e ecotextura moderadamente heterogênea.","Hiperplasia prostática benigna com indícios ultrassonográficos de processo inflamatório/infeccioso inicial (prostatite), não podendo descartar por completo do processo neoplásico.",ANORMAL,PRÓSTATA
HPBCNDN,"próstata aumentada de tamanho, medindo <var1> cm x <var2> cm, discretamente heterogênea com ecogenicidade mista. Múltiplas estruturas semi circulares, anecogênicas, com limites bem definidos e irregulares.","Próstata: hiperplasia prostática benigna cística, não podendo descartar processo neoplásico. Caso clinicamente indicado sugere-se exames complementares.",ANORMAL,PRÓSTATA
PTTC,"Em próstata, nota-se estrutura circular, de limites bem definidos e margens regulares, preenchida por conteúdo anecogênico medindo <var1> cm x <var2> cm.",Cisto em próstata.,ANORMAL,PRÓSTATA
CPTT,"Em próstata, nota-se estrutura circular, de limites bem definidos e margens regulares, preenchida por conteúdo anecogênico medindo <var1> cm x <var2> cm.",Cisto em próstata,ANORMAL,PRÓSTATA
HPBC,"próstata aumentada de tamanho, medindo <var1> cm x <var2> cm, discretamente heterogênea com ecogenicidade mista. Múltiplas estruturas semi circulares, anecogênicas, com limites bem definidos e irregulares.",Próstata: hiperplasia prostática benigna cística.,ANORMAL,PRÓSTATA
PNODHIPO,"nódulo hipoecóico, medindo aproximadamente <var1> cm x <var2> cm, margens regulares e limites bem definidos.",Nódulo prostático.,ANORMAL,PRÓSTATA
HPBP,"aumentada de tamanho, medindo <var1> cm x <var2> cm, ecogenicidade mista e ecotextura moderadamente heterogênea.",Hiperplasia prostática benigna com indícios ultrassonográficos de processo inflamatório/infeccioso inicial (prostatite).,ANORMAL,PRÓSTATA
PTT,"tamanho, forma, contorno, ecogenicidade e ecotextura preservadas, medindo <var1> cm x <var2> cm.",,NORMAL,PRÓSTATA
HPB,"próstata aumentada de tamanho, medindo <var1> cm x <var2> cm, discretamente heterogênea com ecogenicidade mista.",Próstata: hiperplasia prostática benigna.,ANORMAL,PRÓSTATA
LPDA,"lobo pancreático direito aumentado de tamanho, medindo <var1> cm, homogêneo e com ecogenicidade dentro da normalidade.","Pâncreas: provável pancreatopatia, caso clinicamente indicado sugere-se exames complementares",ANORMAL,PÂNCREAS
LPDACRO,"Lobo pancreático direito aumentado de tamanho medindo <var1> cm, heterogêneo e com ecogenicidade aumentada.","Pâncreas: provável pancreatite crônica, caso clinicamente indicado sugere-se exames complementares.",ANORMAL,PÂNCREAS
LPEEDE,"Aumentado de tamanho, medindo <var1> cm em lobo esquerdo, com aspecto heterogêneo, associado a conteúdo anecogênico difusamente entremeado, ecotextura mista.","Edema pancreático, podendo estar relacionado aos seguintes diagnósticos diferenciais: pancreatite, hipoalbuminemia, hipervolemia.",ANORMAL,PÂNCREAS
LPE,"lobo pancreático esquerdo medindo <var1> cm, homogêneo e com ecogenicidade dentro da normalidade.",,ANORMAL,PÂNCREAS
CPAAGCR,"corpo de pâncreas aumentado de tamanho, medindo <var1> cm, heterogêneo, ecogenicidade mista, predominantemente hiperecóico. Mesentério adjacente hiperecogênico.",Corpo de pâncreas: pancreatite crônica agudizada (provável).,ANORMAL,PÂNCREAS
LPDASUBA,"Lobo pancreático direito medindo <var1> cm, heterogêneo e com ecogenicidade diminuída.","Pâncreas: provável pancreatite subaguda, caso clinicamente indicado sugere-se exames complementares.",ANORMAL,PÂNCREAS
PCAED,"Corpo pancreático aumentado de tamanho medindo <var1> cm, pouco heterogêneo e com ecogenicidade diminuída.",Pâncreas: pancreatite aguda.,ANORMAL,PÂNCREAS
LPDED,"lobo pancreático direito com tamanho preservado, medindo <var1> cm, homogêneo, margens regulares, porém, ecogenicidade diminuída.",Pâncreas: não se descarta pancreatite incipiente ou sub-aguda.,ANORMAL,PÂNCREAS
LPEARC,"Lobo pancreático esquerdo aumentado de tamanho, medindo <var1> cm, heterogêneo, ecogenicidade difusamente aumentada e mesentério adjacente com aumento da ecogenicidade.",Pâncreas: provável pancreatite crônica agudizada.,ANORMAL,PÂNCREAS
CPA,"corpo de pâncreas aumentado de tamanho, medindo <var1>",O aumento de corpo pancreático pode estar relacionado a pancreatite incipiente.,ANORMAL,PÂNCREAS
LPDACR,"Lobo pancreático direito aumentado de tamanho medindo <var1> cm, heterogêneo e com ecogenicidade aumentada.","Pâncreas: provável pancreatite crônica, caso clinicamente indicado sugere-se exames complementares.",ANORMAL,PÂNCREAS
LPDACRAG,"lobo pancreático direito aumentado de tamanho, medindo <var1> cm, heterogêneo, ecogenicidade mista predominantemente hiperecogênica, margens irregulares e mesentério adjacente hiperecogênico.",Pâncreas: provável pancreatite crônica agudizada. Sugerem-se exames complementares caso clinicamente indicado.,ANORMAL,PÂNCREAS
LPEED,"lobo pancreático esquerdo com tamanho preservado, medindo <var1> cm, homogêneo, margens regulares, porém, ecogenicidade diminuída.",Pâncreas: não se descarta pancreatite incipiente. Caso clinicamente indicado sugere-se exames complementares.,ANORMAL,PÂNCREAS
LPDAG,"Lobo pancreático direito medindo <var1> cm, heterogêneo e com ecogenicidade diminuída.","Pâncreas: provável pancreatite aguda, caso clinicamente indicado sugere-se exames complementares.",ANORMAL,PÂNCREAS
LPEASA,"Lobo pancreático esquerdo aumentado de tamanho medindo <var1> cm, heterogêneo e com ecogenicidade diminuída no momento deste exame.","Pâncreas: provável pancreatite subaguda, caso clinicamente indicado sugere-se exames complementares.",ANORMAL,PÂNCREAS
LPDACROAG,"Lobo pancreático direito aumentado de tamanho, medindo <var1> cm, heterogêneo e com ecogenicidade aumentada e mesentério adjacente com aumento da ecogenicidade.","Pâncreas: provável pancreatite crônica agudizada, caso clinicamente indicado sugere-se exames complementares.",ANORMAL,PÂNCREAS
LPEAEA,"Lobo pancreático esquerdo aumentado de tamanho medindo <var1> cm, heterogêneo e com ecogenicidade aumentada.","Pâncreas: provável pancreatite crônica, caso clinicamente indicado sugere-se exames complementares.",ANORMAL,PÂNCREAS
LPEHIPER,"Lobo pancreático esquerdo medindo <var1> cm, heterogêneo e com ecogenicidade aumentada.","Pâncreas: provável pancreatite crônica, caso clinicamente indicado sugere-se exames complementares.",ANORMAL,PÂNCREAS
LPEA,"lobo pancreático esquerdo aumentado de tamanho, medindo <var1> cm, homogêneo e com ecogenicidade dentro da normalidade.","Pâncreas: provável pancreatopatia, caso clinicamente indicado sugere-se exames complementares",ANORMAL,PÂNCREAS
LPDAAG,"Lobo pancreático direito aumentado de tamanho, medindo <var1> cm, heterogêneo e com ecogenicidade diminuída.","Pâncreas: provável pancreatite aguda, caso clinicamente indicado sugere-se exames complementares.",ANORMAL,PÂNCREAS
LPEAAG,"Lobo pancreático esquerdo aumentado de tamanho, medindo <var1> cm, heterogêneo, com ecogenicidade diminuída.","Pâncreas: provável pancreatite aguda, caso clinicamente indicado sugere-se exames complementares.",ANORMAL,PÂNCREAS
RDDPRD,"Medindo <var1> cm de comprimento em plano dorsal, com moderada perda da relação e diferenciação corticomedular.","Rim direito: não se descarta nefropatia, caso clinicamente indicado sugere-se exames complementares.",ANORMAL,RIM DIREITO
RDHIDRO,"Pelve renal dilatada evoluindo para processo de hidronefrose, medindo <var1> cm",Pielectasia direita evoluindo para hidronefrose.,ANORMAL,RIM DIREITO
RDCHIC,"formato mantido e localizado em topografia habitual, medindo <var1> cm de comprimento em plano dorsal. Com aumento de ecogenicidade de corticais. Não há evidências sonográficas de hidronefrose ou imagens compatíveis com cálculos.","Rim direito: O aumento de ecogenicidade de cortical renal é compatível com a idade ou peso do paciente, porém frente, suspeita de nefropatia aguda, sugere-se exames complementares.",ANORMAL,RIM DIREITO
RDIPRD,"Medindo <var1> cm de comprimento em plano dorsal, com importante perda da relação e diferenciação corticomedular.","Rim direito: não se descarta nefropatia, caso clinicamente indicado sugere-se exames complementares.",ANORMAL,RIM DIREITO
RDINF,Em cortical renal em porção crânio ventral nota-se área triangular hiperecogênica apresentando irregularidade em contorno de cortical medindo <var1> cm x <var2> cm.,Infarto renal. Caso clinicamente indicado sugere-se exames complementares.,ANORMAL,RIM DIREITO
RDIR,Em cortical renal em porção crânio ventral nota-se área triangular hiperecogênica apresentando irregularidade em contorno de cortical.,Infarto renal. Caso clinicamente indicado sugere-se exames complementares.,ANORMAL,RIM DIREITO
UDCA,"Nota-se estrutura hiperecogênica, formadora de sombreamento acústico posterior, medindo <var1> cm em ureter direito.",Cálculo em ureter direito.,ANORMAL,RIM DIREITO
PDCA,"Nota-se estrutura hiperecogênica, formadora de sombreamento acústico posterior, medindo <var1> cm em pelve renal.",Cálculo em pelve renal direita.,ANORMAL,RIM DIREITO
CALCRD,"Estrutura hiperecogênica, formadora de sombreamento acústico posterior, medindo <var1> cm em divertículo renal.",Cálculo em rim direito.,ANORMAL,RIM DIREITO
RDD,"diminuído de tamanho, medindo <var1> cm de comprimento em plano dorsal.","Rim direito: provável nefropatia, caso clinicamente indicado sugere-se exames complementares.",ANORMAL,RIM DIREITO
RDMAHI,Mesentério adjacente ao rim direito hiperecogênico.,O aumento de ecogenicidade em mesentério adjacente ao rim direito pode ser um indicativo de reatividade a processo inflamatório/infeccioso.,ANORMAL,RIM DIREITO
RDCA,"Estrutura hiperecogênica, formadora de sombreamento acústico posterior, medindo <var1> cm em divertículo renal.",Cálculo em rim direito.,ANORMAL,RIM DIREITO
RDDC,"diminuído de tamanho, medindo <var1> cm, importante perda da relação e diferenciação corticomedular. Cortical apresentando ecogenicidade mista, predominantemente hiperecogênica, contornos irregulares.","Rim direito: nefropatia crônica, não podendo descartar por completo processo congênito.",ANORMAL,RIM DIREITO
RDPRD,"rim direito com tamanho preservado, medindo <var1> cm, moderada perda da diferenciação e relação corticomedular.",Provável nefropatia. Sugerem-se exames complementares.,ANORMAL,RIM DIREITO
RDDPD,"rim direito com tamanho preservado, medindo <var1> cm, pouca perda da diferenciação corticomedular. Relação corticomedular preservada.","Não se descarta nefropatia. Caso clinicamente indicado, sugere-se exames complementares.",ANORMAL,RIM DIREITO
RDPDC,"rim direito com tamanho preservado, medindo <var1> cm, pouca perda da diferenciação corticomedular. Relação corticomedular preservada.","Não se descarta nefropatia. Caso clinicamente indicado, sugere-se exames complementares.",ANORMAL,RIM DIREITO
RDMPD,"Tamanho preservado, medindo <var1> cm, perda moderada da diferenciação corticomedular, relação preservada.","Rim direito: não se descarta nefropatia, caso clinicamente indicado sugere-se exames complementares.",ANORMAL,RIM DIREITO
RDMPRD,"Medindo <var1> cm de comprimento em plano dorsal, com moderada perda da relação e diferenciação corticomedular.","Rim direito: não se descarta nefropatia, caso clinicamente indicado sugere-se exames complementares.",ANORMAL,RIM DIREITO
RDCHIF,"formato mantido e localizado em topografia habitual, medindo <var1> cm de comprimento em plano dorsal. Com aumento de ecogenicidade de corticais. Não há evidências sonográficas de hidronefrose ou imagens compatíveis com cálculos.","Rim direito: O aumento de ecogenicidade de cortical renal é compatível com a idade ou peso do paciente, porém frente, suspeita de nefropatia aguda, sugere-se exames complementares.",ANORMAL,RIM DIREITO
RDSE,"formato mantido e localizado em topografia habitual, medindo <var1> cm de comprimento em plano dorsal. Perda da relação corticomedular, estando a cortical espessada.","Rim direito: provável processo de senescência, porém frente a suspeita de nefropatia, caso clinicamente indicado sugere-se exames complementares.",ANORMAL,RIM DIREITO
RDCHI,"formato mantido e localizado em topografia habitual, medindo <var1> cm de comprimento em plano dorsal. Com aumento de ecogenicidade de corticais. Não há evidências sonográficas de hidronefrose ou imagens compatíveis com cálculos.","Rim direito: O aumento de ecogenicidade de cortical renal é compatível com a idade ou peso do paciente, porém frente, suspeita de nefropatia aguda, sugere-se exames complementares.",ANORMAL,RIM DIREITO
RDPPD,"rim direito com tamanho preservado, medindo <var1> cm, pouca perda da diferenciação corticomedular. Relação corticomedular preservada.","Não se descarta nefropatia. Caso clinicamente indicado, sugere-se exames complementares.",ANORMAL,RIM DIREITO
RDA,"Aumentado de tamanho, medindo <var1> cm de comprimento em plano dorsal.",Nefromegalia direita podendo estar relacionada a nefropatia aguda.,ANORMAL,RIM DIREITO
PDHIDRO,"Pelve renal dilatada evoluindo para processo de hidronefrose, medindo <var1> cm",Pielectasia direita evoluindo para hidronefrose.,ANORMAL,RIM DIREITO
PD,"Pelve renal dilatada, medindo <var1> cm.",Pielectasia direita.,ANORMAL,RIM DIREITO
RDFCHI,"formato mantido e localizado em topografia habitual, medindo <var1> cm de comprimento em plano dorsal. Com aumento de ecogenicidade de corticais. Não há evidências sonográficas de hidronefrose ou imagens compatíveis com cálculos.","Rim direito: O aumento de ecogenicidade de cortical renal é compatível com a idade ou peso do paciente, porém frente, suspeita de nefropatia aguda, sugere-se exames complementares.",ANORMAL,RIM DIREITO
RDCVI,formato mantido e localizado em topografia habitual. Com cortical irregular. Não há evidências sonográficas de hidronefrose ou imagens compatíveis com cálculos.,"Rim direito: não se descarta nefropatia, sugere-se exames complementares.",ANORMAL,RIM DIREITO
RDSM,<var1> cm de comprimento em plano dorsal. Visibiliza-se imagem hiperecogênica que margeia medular renal,"O sinal da medular renal  pode estar relacionada com nefropatia ou mesmo um achado em pacientes normais, sugere-se associação com demais achados.",ANORMAL,RIM DIREITO
IRA,"<var1> cm de comprimento em plano dorsal, com perda da relação e diferenciação corticomedular.","Rins: provável nefropatia aguda, caso clinicamente indicado sugere-se exames complementares.",ANORMAL,RIM DIREITO
RD,<var1> cm de comprimento em plano dorsal.,,NORMAL,RIM DIREITO
REMPD,<var1> cm de comprimento em plano dorsal. Moderada perda da diferenciação corticomedular,Rins: caso clinicamente indicado sugerem-se exames complementares.,ANORMAL,RIM ESQUERDO
REHIF,"formato mantido e localizado em topografia habitual, medindo <var1> cm de comprimento em plano dorsal. Com aumento de ecogenicidade de corticais. Não há evidências sonográficas de hidronefrose ou imagens compatíveis com cálculos.","Rim esquerdo: O aumento de ecogenicidade de cortical renal é compatível com a idade ou peso do paciente, porém frente, suspeita de nefropatia aguda, sugere-se exames complementares.",ANORMAL,RIM ESQUERDO
REMPDC,"rim esquerdo com tamanho preservado, medindo <var1> cm, moderada perda da diferenciação corticomedular. Relação corticomedular preservada.","Não se descarta nefropatia. Caso clinicamente indicado, sugere-se exames complementares.",ANORMAL,RIM ESQUERDO
REDPRD,"Medindo <var1> cm de comprimento em plano dorsal, com moderada perda da relação e diferenciação corticomedular.","Rim esquerdo: não se descarta nefropatia, caso clinicamente indicado sugere-se exames complementares.",ANORMAL,RIM ESQUERDO
REHIDRO,"Pelve renal dilatada evoluindo para processo de hidronefrose, medindo <var1> cm",Pielectasia esquerda evoluindo para hidronefrose.,ANORMAL,RIM ESQUERDO
RECHIC,"formato mantido e localizado em topografia habitual, medindo <var1> cm de comprimento em plano dorsal. Com aumento de ecogenicidade de corticais. Não há evidências sonográficas de hidronefrose ou imagens compatíveis com cálculos.","Rim esquerdo: O aumento de ecogenicidade de cortical renal é compatível com a idade ou peso do paciente, porém frente, suspeita de nefropatia aguda, sugere-se exames complementares.",ANORMAL,RIM ESQUERDO
REIPRD,"Medindo <var1> cm de comprimento em plano dorsal, com importante perda da relação e diferenciação corticomedular.","Rim esquerdo: não se descarta nefropatia, caso clinicamente indicado sugere-se exames complementares.",ANORMAL,RIM ESQUERDO
REIR,"Em cortical renal em porção crânio ventral nota-se área triangular hiperecogênica apresentando irregularidade em contorno de cortical, medindo <var1> cm x <var2> cm.",Infarto renal. Caso clinicamente indicado sugere-se exames complementares.,ANORMAL,RIM ESQUERDO
REINF,Em cortical renal em porção crânio ventral nota-se área triangular hiperecogênica apresentando irregularidade em contorno de cortical medindo <var1> cm x <var2> cm.,Infarto renal. Caso clinicamente indicado sugere-se exames complementares.,ANORMAL,RIM ESQUERDO
UECA,"Nota-se estrutura hiperecogênica, formadora de sombreamento acústico posterior, medindo <var1> cm em ureter esquerdo.",Cálculo em ureter esquerdo,ANORMAL,RIM ESQUERDO
PECA,"Nota-se estrutura hiperecogênica, formadora de sombreamento acústico posterior, medindo <var1> cm em pelve renal.",Cálculo em pelve renal esquerda.,ANORMAL,RIM ESQUERDO
PEHID,"Pelve renal dilatada evoluindo para processo de hidronefrose, medindo <var1> cm",Pielectasia esquerda evoluindo para hidronefrose.,ANORMAL,RIM ESQUERDO
CALCRE,"Estrutura hiperecogênica, formadora de sombreamento acústico posterior, medindo <var1> cm em divertículo renal.",Cálculo em rim esquerdo.,ANORMAL,RIM ESQUERDO
REHID,"Pelve renal dilatada evoluindo para processo de hidronefrose, medindo <var1> cm",Pielectasia esquerda evoluindo para hidronefrose.,ANORMAL,RIM ESQUERDO
PECALC,"Nota-se estrutura hiperecogênica, formadora de sombreamento acústico posterior, medindo <var1> cm em pelve renal.",Cálculo em pelve renal esquerda.,ANORMAL,RIM ESQUERDO
RED,"diminuído de tamanho, medindo <var1> cm de comprimento em plano dorsal.","Rim esquerdo: provável nefropatia, caso clinicamente indicado sugere-se exames complementares.",ANORMAL,RIM ESQUERDO
RECI,"em cortical ventral nota-se estrutura circular, anecogênica, margens regulares e limites bem definidos, medindo <var1> cm.",Cisto em cortical renal esquerda.,ANORMAL,RIM ESQUERDO
REMAHI,Mesentério adjacente ao rim esquerdo hiperecogênico.,O aumento de ecogenicidade em mesentério adjacente ao rim esquerdo pode ser um indicativo de reatividade a processo inflamatório/infeccioso.,ANORMAL,RIM ESQUERDO
RECA,"Estrutura hiperecogênica, formadora de sombreamento acústico posterior, medindo <var1> cm em divertículo renal.",Cálculo em rim esquerdo.,ANORMAL,RIM ESQUERDO
REDC,"diminuído de tamanho, medindo <var1> cm, importante perda da relação e diferenciação corticomedular. Cortical apresentando ecogenicidade mista, predominantemente hiperecogênica, contornos irregulares.","Rim esquerdo: nefropatia crônica, não podendo descartar por completo processo congênito.",ANORMAL,RIM ESQUERDO
REPRD,"rim esquerdo com tamanho preservado, medindo <var1> cm, pouca moderada da diferenciação corticomedular. Relação corticomedular preservada.",Rins: não se descarta mefropatia.,ANORMAL,RIM ESQUERDO
REDPD,"rim esquerdo com tamanho preservado, medindo <var1> cm, pouca perda da diferenciação corticomedular. Relação corticomedular preservada.","Não se descarta nefropatia. Caso clinicamente indicado, sugere-se exames complementares.",ANORMAL,RIM ESQUERDO
REPDC,"rim esquerdo com tamanho preservado, medindo <var1> cm, pouca perda da diferenciação corticomedular. Relação corticomedular preservada.","Não se descarta nefropatia. Caso clinicamente indicado, sugere-se exames complementares.",ANORMAL,RIM ESQUERDO
REMPR,"Tamanho preservado, medindo <var1> cm, perda moderada da relação corticomedular, diferenciação preservada.","Rim esquerdo: não se descarta nefropatia, caso clinicamente indicado sugere-se exames complementares.",ANORMAL,RIM ESQUERDO
REMPRD,"Medindo <var1> cm de comprimento em plano dorsal, com moderada perda da relação e diferenciação corticomedular.","Rim esquerdo: não se descarta nefropatia, caso clinicamente indicado sugere-se exames complementares.",ANORMAL,RIM ESQUERDO
RECHIF,"formato mantido e localizado em topografia habitual, medindo <var1> cm de comprimento em plano dorsal. Com aumento de ecogenicidade de corticais. Não há evidências sonográficas de hidronefrose ou imagens compatíveis com cálculos.","Rim esquerdo: O aumento de ecogenicidade de cortical renal é compatível com a idade ou peso do paciente, porém frente, suspeita de nefropatia aguda, sugere-se exames complementares.",ANORMAL,RIM ESQUERDO
CISTORE,"Em cortical se nota múltiplas pequenas estruturas circulares, anecogênicas, de margens regulares e limites bem definidos, medindo a maior <var1> cm.",Cisto em rim esquerdo,ANORMAL,RIM ESQUERDO
RESE,"formato mantido e localizado em topografia habitual, medindo <var1> cm de comprimento em plano dorsal. Perda da relação corticomedular, estando a cortical espessada.","Rim esquerdo: provável processo de senescência, porém frente a suspeita de nefropatia, caso clinicamente indicado sugere-se exames complementares.",ANORMAL,RIM ESQUERDO
PEPDC,CÓDIGO SEM DESCRIÇÃO - CASPER VAI PASSAR ATUALIZAÇÃO E ENTÃO ATUALIZAREI AQUI,,ANORMAL,RIM ESQUERDO
RECHI,"formato mantido e localizado em topografia habitual, medindo <var1> cm de comprimento em plano dorsal. Com aumento de ecogenicidade de corticais. Não há evidências sonográficas de hidronefrose ou imagens compatíveis com cálculos.","Rim esquerdo: O aumento de ecogenicidade de cortical renal é compatível com a idade ou peso do paciente, porém frente, suspeita de nefropatia aguda, sugere-se exames complementares.",ANORMAL,RIM ESQUERDO
REA,"Aumentado de tamanho, medindo <var1> cm de comprimento em plano dorsal.",Nefromegalia esquerda podendo estar relacionada a nefropatia aguda.,ANORMAL,RIM ESQUERDO
PEHIDRO,"Pelve renal dilatada evoluindo para processo de hidronefrose, medindo <var1> cm",Pielectasia esquerda evoluindo para hidronefrose.,ANORMAL,RIM ESQUERDO
PE,"Pelve renal dilatada, medindo <var1> cm.",Pielectasia Esquerda,ANORMAL,RIM ESQUERDO
REFCHI,"formato mantido e localizado em topografia habitual, medindo <var1> cm de comprimento em plano dorsal. Com aumento de ecogenicidade de corticais. Não há evidências sonográficas de hidronefrose ou imagens compatíveis com cálculos.","Rim esquerdo: O aumento de ecogenicidade de cortical renal é compatível com a idade ou peso do paciente, porém frente, suspeita de nefropatia aguda, sugere-se exames complementares.",ANORMAL,RIM ESQUERDO
RECVI,formato mantido e localizado em topografia habitual. Com cortical irregular. Não há evidências sonográficas de hidronefrose ou imagens compatíveis com cálculos.,"Rim esquerdo: não se descarta nefropatia, sugere-se exames complementares.",ANORMAL,RIM ESQUERDO
RESM,<var1> cm de comprimento em plano dorsal. Visibiliza-se imagem hiperecogênica que margeia medular renal,"O sinal da medular renal  pode estar relacionada com nefropatia ou mesmo um achado em pacientes normais, sugere-se associação com demais achados.",ANORMAL,RIM ESQUERDO
RE,<var1> cm de comprimento em plano dorsal.,,NORMAL,RIM ESQUERDO
TDECAB,Falta descrição e impressão diagnóstica do código TDECAB,Falta descrição e impressão diagnóstica do código TDECAB,ANORMAL,TESTÍCULOS
TEECAB,Falta descrição e impressão diagnóstica do código TEECAB,Falta descrição e impressão diagnóstica do código TEECAB,ANORMAL,TESTÍCULOS
TESTEC,"Em linha média subcutânea inguinal nota-se testículo medindo <var1>  cm x <var2> cm, com forma, contorno, ecogenicidade e ecotextura preservadas.","Testículo ectópico, localizado em região subcutânea inguinal no momento deste exame.",ANORMAL,TESTÍCULOS
TEMINE,"testículo esquerdo com tamanho preservado. apresentando parênquima heterogêneo, multifocos hiperecogênicos, formadores de sombreamento acústico posterior.","Testículo esquerdo apresentando mineralização de parênquima, podendo estar relacionado a senescência ou processo neoplásico.",ANORMAL,TESTÍCULOS
LLESC,Nota-se quantidade de conteúdo anecogênico livre em bolsa escrotal no momento deste exame.,Líquido livre em bolsa escrotal no momento deste exame.,ANORMAL,TESTÍCULOS
TD,"medindo <var1> cm x <var2> cm, linha mediastinal preservada.",,NORMAL,TESTÍCULOS
TE,"medindo <var1> cm x <var2> cm, linha mediastinal preservada.",,NORMAL,TESTÍCULOS
TDAAR,"Testículo direito aumentado de tamanho, e arredondado. - desc e imp a atualizar.",CORRIGIR DESCRIÇÃO E IMPRESSÃO DIAGNÓSTICA DE TDAAR,ANORMAL,TESTÍCULOS
PLLTD,Nota-se pouca quantidade de conteúdo anecogênico livre adjacente ao testículo direito.,Pouca quantidade de líquido livre adjacente ao testículo direito.,ANORMAL,TESTÍCULOS
PLLTE,Nota-se pouca quantidade de conteúdo anecogênico livre adjacente ao testículo esquerdo.,Pouca quantidade de líquido livre adjacente ao testículo esquerdo.,ANORMAL,TESTÍCULOS
TDEP,"Testículo direito em bolsa escrotal com perda de sua linha mediastinal, epidídimo esquerdo aumentado medindo <var1> cm, heterogêneo e com a ecogenicidade mista.",Epididimite direita,ANORMAL,TESTÍCULOS
TEEP,"Testículo esquerdo em bolsa escrotal com perda de sua linha mediastinal, epidídimo esquerdo aumentado medindo <var1> cm, heterogêneo e com a ecogenicidade mista.",Epididimite esquerda,ANORMAL,TESTÍCULOS
VBIEST,preenchida por adequada quantidade de conteúdo anecogênico em parede dorsal nota-se importante quantidade de material ecogênico depositado em fundo.,"Vesícula biliar: importante quantidade de lama biliar, podendo estar relacionada a hipofunção motora biliar (senescência) ou comorbidades que levem a alteração da composição da bile.",ANORMAL,VESÍCULA BILIAR
CAVB,"repleta, paredes finas e ecogênicas com conteúdo anecogênico e homogêneo. Em parede dorsal nota-se estrutura hiperecogênica, formadora de sombreamento acústico posterior, medindo <var1> cm.",Cálculo em vesícula biliar.,ANORMAL,VESÍCULA BILIAR
VBIEB,preenchida por adequada quantidade de conteúdo anecogênico em parede dorsal nota-se moderada quantidade de material ecogênico depositado em fundo.,"Vesícula biliar: importante quantidade de lama biliar, podendo estar relacionada a hipofunção motora biliar (senescência) ou comorbidades que levem a alteração da composição da bile.",ANORMAL,VESÍCULA BILIAR
VBMP,"repleta, paredes finas e ecogênicas com conteúdo anecogênico associado a importante quantidade de conteúdo ecogênico. Padrão de estriações ecogênicas radiando das paredes para o centro – mucocele parcial.",Vesícula biliar: dilatada com aspectos ultrassonográficos de formação de mucocele parcial. Sem sinal ultrassonográfico de obstrução no momento deste exame.,ANORMAL,VESÍCULA BILIAR
DBCINF,"ductos biliar comum pouco dilatado medindo <var1> cm, paredes espessadas. Lumen preenchido por discreta quantidade de conteúdo ecumênico (lama biliar)",Convite (provável) associado a estase biliar.,ANORMAL,VESÍCULA BILIAR
VBDEB,preenchida por adequada quantidade de conteúdo anecogênico. Em parede dorsal nota-se discreta quantidade de material ecogênico depositado em fundo.,"Vesícula biliar: moderada quantidade de lama biliar, podendo estar relacionada a hipofunção motora biliar (senescência) ou comorbidades que levem a alteração da composição da bile.",ANORMAL,VESÍCULA BILIAR
VBMC,"repleta por conteúdo anecogênico e com moderado material ecogênico depositado em fundo (lama biliar), alguns destes agregados formando concreções aderidas em parede.","Vesícula biliar: moderada quantidade de lama biliar, formando concreções. Podendo estar relacionada a hipofunção motora biliar (senescência) ou comorbidades que levem a alteração da composição da bile.",ANORMAL,VESÍCULA BILIAR
VBMEB,preenchida por adequada quantidade de conteúdo anecogênico em parede dorsal nota-se moderada quantidade de material ecogênico depositado em fundo.,"Vesícula biliar: moderada quantidade de lama biliar, podendo estar relacionada a hipofunção motoraevem a alteração da composição da bile.",ANORMAL,VESÍCULA BILIAR
VBBD,"repleta, paredes em borda dupla, ecogênicas, apresentando halo hipoecogênico central, com conteúdo anecogênico e homogêneo.","Vesícula biliar: o edema de parede tem como principais diferenciais: choque anafilático, hipoproteinemia, colecistite, anemia imunomediada ou problemas em tórax, como efusão pericárdica e/ou insuficiência cardíaca congestiva direita.",ANORMAL,VESÍCULA BILIAR
VBCALC,"repleta, paredes finas e ecogênicas com conteúdo anecogênico e homogêneo. Em parede dorsal nota-se estrutura hiperecogênica, formadora de sombreamento acústico posterior, medindo <var1> cm.",Cálculo em vesícula biliar.,ANORMAL,VESÍCULA BILIAR
VB CALC,"repleta, paredes finas e ecogênicas com conteúdo anecogênico e homogêneo. Em parede dorsal nota-se estrutura hiperecogênica, formadora de sombreamento acústico posterior, medindo <var1> cm.",Cálculo em vesícula biliar.,ANORMAL,VESÍCULA BILIAR
CALC VB,"repleta, paredes finas e ecogênicas com conteúdo anecogênico e homogêneo. Em parede dorsal nota-se estrutura hiperecogênica, formadora de sombreamento acústico posterior, medindo <var1> cm.",Cálculo em vesícula biliar.,ANORMAL,VESÍCULA BILIAR
VBPEB,preenchida por adequada quantidade de conteúdo anecogênico em parede dorsal nota-se pouca quantidade de material ecogênico depositado em fundo.,"Vesícula biliar: discreta quantidade de lama biliar, podendo estar relacionada a hipofunção motora biliar (senescência) ou comorbidades que levem a alteração da composição da bile.",ANORMAL,VESÍCULA BILIAR
VBDIL,"repleta, paredes espessadas, medindo <var1> cm e hiperecogênicas com conteúdo anecogênico e homogêneo.",Vesícula biliar: processo inflamatório/infeccioso (colecistite).,ANORMAL,VESÍCULA BILIAR
COLANGITE,"ducto biliar comum, dilatado, medindo <var1> cm, paredes espessadas e irregulares, preenchido por conteúdo anecogênico.",Ducto biliar comum: processo inflamatório / infeccioso (colangite),ANORMAL,VESÍCULA BILIAR
COLECISTITE,"repleta, paredes espessadas, medindo <var1> cm e hiperecogênicas com conteúdo anecogênico e homogêneo.",,ANORMAL,VESÍCULA BILIAR
VBESP,"repleta, paredes espessadas, medindo <var1> cm e hiperecogênicas com conteúdo anecogênico e homogêneo.",Vesícula biliar: processo inflamatório/infeccioso (colecistite).,ANORMAL,VESÍCULA BILIAR
VB ESP,"repleta, paredes espessadas, medindo <var1> cm e hiperecogênicas com conteúdo anecogênico e homogêneo.",Vesícula biliar: processo inflamatório/infeccioso (colecistite).,ANORMAL,VESÍCULA BILIAR
LAMA BILIAR,preenchida por adequada quantidade de conteúdo anecogênico em parede dorsal nota-se pouca/moderada/importante quantidade de material ecogênico depositado em fundo.,"Vesícula biliar: moderada/discreta/importante quantidade de lama biliar, podendo estar relacionada a hipofunção motora biliar (senilidade) ou comorbidades que levem a alteração da composição da bile.",ANORMAL,VESÍCULA BILIAR
ESTASE BILIAR,preenchida por adequada quantidade de conteúdo anecogênico. Em parede dorsal nota-se moderada quantidade de material ecogênico.,"Vesícula biliar: moderada quantidade de lama biliar, podendo estar relacionada a hipofunção motora biliar (senilidade) ou comorbidades que levem a alteração da composição da bile.",ANORMAL,VESÍCULA BILIAR
PIO,"Corpo de útero aumentado de tamanho medindo <var1> cm, preenchido por conteúdo anecogênico e com moderada quantidade de pontos ecogênicos em suspensão. Paredes espessas e irregulares.",Útero: processo inflamatório / infeccioso (piometra/mucometra).,ANORMAL,ÚTERO
UTP,"Corpo de útero aumentado de tamanho medindo <var1> cm, preenchido por conteúdo anecogênico e com moderada quantidade de pontos ecogênicos em suspensão. Paredes espessas e irregulares.",Útero: processo inflamatório / infeccioso (piometra/mucometra).,ANORMAL,ÚTERO
CUD,"corno uterino direito medindo aproximadamente <var1> cm, paredes finas e regulares.",,NORMAL,ÚTERO
CUE,"corno uterino esquerdo medindo aproximadamente <var1> cm, paredes finas e regulares.",,NORMAL,ÚTERO
CALCUD,"Nota-se estrutura hiperecogênica, formadora de sombreamento acústico posterior, medindo <var1> cm em corno uterino direito.",Cálculo em corno uterino direito.,ANORMAL,ÚTERO
CALCUE,"Nota-se estrutura hiperecogênica, formadora de sombreamento acústico posterior, medindo <var1> cm em corno uterino esquerdo.",Cálculo em corno uterino esquerdo.,ANORMAL,ÚTERO
PIOC,"cornos uterinos não caracterizados - histórico de ovários alpingo histerectomia. Corpo de útero aumentado de tamanho, medindo <var1> cm x <var2> cm. Preechido por conteúdo fluido com grande quantidade de pontos ecogênicos. Mesentério adjacente hiperecóico.",Piometra de coto.,ANORMAL,ÚTERO
CUEHEC,Corno uterino esquerdo e corpo de útero aumentados de tamanho (medindo aproximadamente <var1> cm) preenchidos por pouco conteúdo anecogênico com moderada quantidade de pontos ecogênicos em suspensão. Paredes espessas e irregulares. Múltiplas estruturas circulares anecogênicas entremeadas em endométrio,Útero: processo inflamatório / infeccioso (hiperplasia endometrial cística).,ANORMAL,ÚTERO
FETOSM,"Fetos sem batimentos cardíacos, com líquido aminiótico ecogênico e em pequena quantidade, com paredes uterinas espessas e irregulares. Presença de gás intrauterino.",Aspectos ultrassonográficos indicam processo inflamatório/infeccioso associado a morte fetal.,ANORMAL,ÚTERO
AHIPC,áreas hiperecogênicas em topografia anatômica de ovários e corpo de útero — estado pós cirúrgico (histórico de ováriosalpingohisterectomia recente) — dentro da normalidade.,,NORMAL,ÚTERO
CUEPPT,"Corno uterino esquerdo discretamente aumentado de tamanho, medindo <var1> cm, com paredes finas e irregulares, preenchida por pouca quantidade de conteúdo ecogênico.","Corno uterino esquerdo: imagens ultrassonográficas são compatíveis com útero pós parto tardio, caso clinicamente indicado sugere-se acompanhamento.",ANORMAL,ÚTERO
CUDPPT,"Corno uterino direito discretamente aumentado de tamanho, medindo <var1> cm, com paredes finas e irregulares, preenchida por pouca quantidade de conteúdo ecogênico.","Corno uterino direito: imagens ultrassonográficas são compatíveis com útero pós parto tardio, caso clinicamente indicado sugere-se acompanhamento.",ANORMAL,ÚTERO
UTPP,"Corpo de útero discretamente aumentado de tamanho, medindo <var1> cm, com paredes finas e irregulares, preenchida por pouca quantidade de conteúdo ecogênico.","Útero: imagens ultrassonográficas são compatíveis com útero pós parto tardio, caso clinicamente indicado sugere-se acompanhamento.",ANORMAL,ÚTERO
CUE HID,"corno uterino esquerdo aumentado de tamanho medindo <var1> cm, preenchido por conteúdo anecogênico e com moderada quantidade de pontos ecogênicos em suspensão. Paredes espessas e irregulares.",Corno uterino esquerdo: provável processo inflamatório / infeccioso. (hidrometra/mucometra).,ANORMAL,ÚTERO
CUEHID,"corno uterino esquerdo aumentado de tamanho medindo <var1> cm, preenchido por conteúdo anecogênico e com moderada quantidade de pontos ecogênicos em suspensão. Paredes espessas e irregulares.",Corno uterino esquerdo: provável processo inflamatório / infeccioso. (hidrometra/mucometra).,ANORMAL,ÚTERO
CUD HID,"corno uterino direito aumentado de tamanho medindo <var1> cm, preenchido por conteúdo anecogênico e com moderada quantidade de pontos ecogênicos em suspensão. Paredes espessas e irregulares.",Corno uterino direito: provável processo inflamatório / infeccioso. (hidrometra/mucometra).,ANORMAL,ÚTERO
CUDHID,"corno uterino direito aumentado de tamanho medindo <var1> cm, preenchido por conteúdo anecogênico e com moderada quantidade de pontos ecogênicos em suspensão. Paredes espessas e irregulares.",Corno uterino direito: provável processo inflamatório / infeccioso. (hidrometra/mucometra).,ANORMAL,ÚTERO
VAG,"canal vaginal apresentando paredes finas e regulares associado à pouca quantidade de conteúdo anecogênico, medindo <var1> cm.","Pouca quantidade de conteúdo em canal vaginal, podendo estar relacionado a processo inflamatório / infeccioso (vaginite).",ANORMAL,ÚTERO
CUE PIO,"corno uterino esquerdo aumentado de tamanho medindo <var1> cm, preenchido por conteúdo anecogênico e com moderada quantidade de pontos ecogênicos em suspensão. Paredes espessas e irregulares.",Corno uterino esquerdo: provável processo inflamatório / infeccioso. (hidrometra/mucometra).,ANORMAL,ÚTERO
CUEPIO,"corno uterino esquerdo aumentado de tamanho medindo <var1> cm, preenchido por conteúdo anecogênico e com moderada quantidade de pontos ecogênicos em suspensão. Paredes espessas e irregulares.",Corno uterino esquerdo: provável processo inflamatório / infeccioso. (hidrometra/mucometra).,ANORMAL,ÚTERO
CUD PIO,"corno uterino direito aumentado de tamanho medindo <var1> cm, preenchido por conteúdo anecogênico e com moderada quantidade de pontos ecogênicos em suspensão. Paredes espessas e irregulares.",Corno uterino direito: provável processo inflamatório / infeccioso. (hidrometra/mucometra).,ANORMAL,ÚTERO
CUDPIO,"corno uterino direito aumentado de tamanho medindo <var1> cm, preenchido por conteúdo anecogênico e com moderada quantidade de pontos ecogênicos em suspensão. Paredes espessas e irregulares.",Corno uterino direito: provável processo inflamatório / infeccioso. (hidrometra/mucometra).,ANORMAL,ÚTERO
UT PIO,"Corpo de útero aumentado de tamanho medindo <var1> cm, preenchido por conteúdo anecogênico e com moderada quantidade de pontos ecogênicos em suspensão. Paredes espessas e irregulares.",Útero: processo inflamatório / infeccioso (piometra/mucometra).,ANORMAL,ÚTERO
UTPIO,"Corpo de útero aumentado de tamanho medindo <var1> cm, preenchido por conteúdo anecogênico e com moderada quantidade de pontos ecogênicos em suspensão. Paredes espessas e irregulares.",Útero: processo inflamatório / infeccioso (piometra/mucometra).,ANORMAL,ÚTERO
UT,"Corpo de útero dentro da normalidade, medindo <var1> cm, com ecotextura e ecogenicidade preservados.",,NORMAL,ÚTERO
UTPPINF,"corpo de útero aumentado de tamanho medindo <var1> cm, preenchido por conteúdo ecogênico com moderada quantidade de pontos ecogênicos em suspensão. Paredes espessas e irregulares.",Útero: processo inflamatório / infeccioso (piometra/mucometra).,ANORMAL,ÚTERO
UTHIDRO,"Corpo de útero aumentado de tamanho medindo <var1> cm, preenchido por conteúdo anecogênico e com moderada quantidade de pontos ecogênicos em suspensão. Paredes espessas e irregulares.",Útero: provável processo inflamatório / infeccioso. (hidrometra/mucometra).,ANORMAL,ÚTERO
CUDHIDRO,"corno uterino direito aumentado de tamanho medindo <var1> cm, preenchido por conteúdo anecogênico e com moderada quantidade de pontos ecogênicos em suspensão. Paredes espessas e irregulares.",Corno uterino direito: provável processo inflamatório / infeccioso. (hidrometra/mucometra).,ANORMAL,ÚTERO
CUD HIDRO,"corno uterino direito aumentado de tamanho medindo <var1> cm, preenchido por conteúdo anecogênico e com moderada quantidade de pontos ecogênicos em suspensão. Paredes espessas e irregulares.",Corno uterino direito: provável processo inflamatório / infeccioso. (hidrometra/mucometra).,ANORMAL,ÚTERO
CUEHIDRO,"corno uterino esquerdo aumentado de tamanho medindo <var1> cm, preenchido por conteúdo anecogênico e com moderada quantidade de pontos ecogênicos em suspensão. Paredes espessas e irregulares.",Corno uterino esquerdo: provável processo inflamatório / infeccioso. (hidrometra/mucometra).,ANORMAL,ÚTERO
CUE HIDRO,"corno uterino esquerdo aumentado de tamanho medindo <var1> cm, preenchido por conteúdo anecogênico e com moderada quantidade de pontos ecogênicos em suspensão. Paredes espessas e irregulares.",Corno uterino esquerdo: provável processo inflamatório / infeccioso. (hidrometra/mucometra).,ANORMAL,ÚTERO
CUECUD,"cornos uterinos medindo aproximadamente <var1>, paredes finas e regulares.",,NORMAL,ÚTERO
